Column2,Name,lastname,firstname,Prof,Entry,Size,P1,P2,P3
nm6549376,Azhagappan A. L.,A. L.,Azhagappan,actor,2000,0,actor,,
nm1777967,Vijay A. L.,A. L.,Vijay,director/other,2000,0,director,other,
nm1436693,Murugadoss A.R.,A.R.,Murugadoss,director/producer/other,2001,0,director,producer,other
nm2243737,Krishna Abhishek,Abhishek,Krishna,actor,2002,0,actor,,
nf7720308,Balwantrao Abhisheki,Abhisheki,Balwantrao,music,1942,0,music,,
nm7720308,Jitendra Abhisheki,Abhisheki,Jitendra,music,1960,0,music,,
nf7720307,s/Balwantrao Abhisheki,Abhisheki,s/Balwantrao,music,1942,0,music,,
nf7720309,Shounak Abhisheki,Abhisheki,Shounak,music,2004,0,music,,
nm1027679,B. K. Adarsh,Adarsh,B. K.,director/producer/other,1955,0,director,producer,other 
nm2104913,Taran Adarsh,Adarsh,Taran,other,2000,0,other,,
nm8240901,Niranjani Agathiyan,Agathiyan,Niranjani,other,2014,0,other,,
nm3164334,Vijayalakshmi Agathiyan,Agathiyan,Vijayalakshmi,actor,2007,0,actor,,
nm2655625,Alvira Khan Agnihotri,Agnihotri,Alvira Khan,producer/other,2006,0,producer,other,
nm0013158,Atul Agnihotri,Agnihotri,Atul,producer/director/actor,1983,0,producer,director,actor
nm0013159,Rati Agnihotri,Agnihotri,Rati,actor,1979,0,actor,,
nm0038020,Arun Ahuja,Ahuja,Arun,actor,1936,0,actor,,
nm0332871,Govinda Ahuja,Ahuja,Govinda,actor,1986,0,actor,,
nm0222469,Nirmala Ahuja,Ahuja,Nirmala,music/actor,1954,0,music,actor,
nm7418890,Tina Ahuja,Ahuja,Tina,actor/other,2015,0,actor,other,
nm1027719,Farhan Akhtar,Akhtar,Farhan,director,2004,0,director,,
nm0015286,Jan Nissar Akhtar,Akhtar,Jan Nissar,music/other,1953,0,music,other,
nm0015287,Javed Akhtar,Akhtar,Javed,music/other,1969,0,music,other,
nm3473452,Mohsin Akhtar,Akhtar,Mohsin,actor/producer,2007,0,actor,producer,
nm0015293,Sardar Akhtar,Akhtar,Sardar,actor/music,1932,0,actor,music,
nm0015295,Zoya Akhtar,Akhtar,Zoya,other/director,1998,0,other,director,
nm1366335,Akhil Akkineni,Akkineni,Akhil,actor/producer,1995,0,actor,producer,
nm0023839,Amala Akkineni,Akkineni,Amala,actor/other,1986,0,actor,other,
nm0015458,Annapurna Akkineni,Akkineni,Annapurna,producer,1979,0,producer,,
nm3602118,Naga Chaitanya Akkineni,Akkineni,Naga Chaitanya,actor,2009,0,actor,,
nm0015459,Nagarjuna Akkineni,Akkineni,Nagarjuna,"actor,producer,television pr",1986,0,"actor,producer,television pr",,
nm0004463,Nageshwara Rao Akkineni,Akkineni,Nageshwara Rao,"actor,producer",1941,0,"actor,producer",,
nm3606487,Samantha Akkineni,Akkineni,Samantha,actor,2010,0,actor,,
nf0004463,Satyavathi Akkineni,Akkineni,Satyavathi,relative,1999,0,,,
nf0576455,(Baby) Ginny Ali,Ali,(Baby) Ginny,actor,1976,0,actor,,
nm0019402,Anwar Ali,Ali,Anwar,other/actor,1972,0,other,actor,
nm0004699,Lucky Ali,Ali,Lucky,music/actor,1961,0,music,actor,
nm5934356,Macky Ali,Ali,Macky,actor,1974,0,actor,,
nf0576454,Madhu Ali,Ali,Madhu,relative,1943,0,relative,,
nm0576454,Mehmood Ali,Ali,Mehmood,actor/producer,1943,0,actor,producer,
nm0019462,Mumtaz Ali,Ali,Mumtaz,actor/other,1937,0,actor,other,
nf0080322,Poornima Ali,Ali,Poornima,actor,1949,0,actor,,
nm1815193,Pucky Ali,Ali,Pucky,actor,1979,0,actor,,
nf0080321,Shirin Ali,Ali,Shirin,relative,1949,0,relative,,
nm5934357,Tracy Ali,Ali,Tracy,actor,1978,0,actor,,
nm0023868,Zeenat Aman,Aman,Zeenat,actor,1970,0,actor,,
nm8562373,Anil Ambani,Ambani,Anil,producer,1994,0,producer,,
nm0612870,Tina Ambani,Ambani,Tina,actor,1978,0,actor,,
nm10411840,Abishek Ambareesh,Ambareesh,Abishek,actor,2019,0,actor,,
nm6235678,Bilal Amrohi,Amrohi,Bilal,actor/producer,1990,0,actor,producer,
nm0025399,Kamal Amrohi,Amrohi,Kamal,director/other,1938,0,director,other,
nm4141638,Mashhoor Amrohi,Amrohi,Mashhoor,actor/director,1990,0,actor,director,
nm2173354,Tajdar Amrohi,Amrohi,Tajdar,director/actor,1983,0,director,actor,
nf0451261,Tajdar's wife Amrohi,Amrohi,Tajdar's wife,relative,1983,0,relative,,
nm1027791,Bittu Anand,Anand,Bittu,producer,1965,0,producer,,
nm0025608,Chetan Anand,Anand,Chetan,director,1946,0,director,,
nm0007147,Dev Anand,Anand,Dev,actor,1946,0,actor,,
nm0025613,Inder Raj Anand,Anand,Inder Raj,writer,1948,0,writer,,
nf0025613,Inder Raj's brother Anand,Anand,Inder Raj's brother,relative,1948,0,relative,,
nm0025617,Ketan Anand,Anand,Ketan,director,1986,0,director,,
nm0002172,Mukul Anand,Anand,Mukul,director,1983,0,director,,
nf0332872,Pushpa Anand,Anand,Pushpa,relative,1994,0,relative,,
nm9913465,Ravi Anand,Anand,Ravi,music,1994,0,music,,
nm1893457,Siddharth Anand,Anand,Siddharth,director,1982,0,director,,
nm0025627,Tinnu Anand,Anand,Tinnu,actor/director,1965,0,actor,director,
nm0025628,Uma Anand,Anand,Uma,actor,1946,0,actor,,
nm0025629,Vijay Anand,Anand,Vijay,director/producer/actor,1954,0,director,producer,actor
nm0025631,Vinay Anand,Anand,Vinay,actor,1999,0,actor,,
nm3118945,Sushanth Anumolu,Anumolu,Sushanth,actor/director/other,2008,0,actor,director,other
nm1147677,Amrita Arora,Arora,Amrita,actor,1999,0,actor,,
nm0037019,Malaika Arora,Arora,Malaika,actor,1994,0,actor,,
nm0039339,K. Asif,Asif,K.,director/producer/other,1945,0,director,producer,other
nm1201873,Neelima Azim,Azim,Neelima,actor,1989,0,actor,,
nm0044337,Baba Azmi,Azmi,Baba,other,1975,0,other,,
nm0000818,Shabana Azmi,Azmi,Shabana,actor,1974,0,actor,,
nm0044343,Tanvi Azmi,Azmi,Tanvi,actor,1985,0,actor,,
nm1191646,Arya Babbar,Babbar,Arya,actor,2002,0,actor,,
nm1318320,Juhi Babbar,Babbar,Juhi,actor,2003,0,actor,,
nm1318321,Nadira Babbar,Babbar,Nadira,actor,2003,0,actor,,
nm3070408,Prateik Babbar,Babbar,Prateik,actor,2008,0,actor,,
nm0044796,Raj Babbar,Babbar,Raj,actor,1978,0,actor,,
nm0787748,Shalini Babu,Babu,Shalini,actor,1983,0,actor,,
nm0045393,Abhishek Bachchan,Bachchan,Abhishek,actor,2000,4,actor,,
nm0706787,Aishwarya Rai Bachchan,Bachchan,Aishwarya Rai,actor,1997,1,actor,,
nf0000822,Ajitabh Bachchan,Bachchan,Ajitabh,relative,1987,3,relative,,
nm0000821,Amitabh Bachchan,Bachchan,Amitabh,actor/producer,1969,4,actor,producer,
nm0045394,Harivansh Rai Bachchan,Bachchan,Harivansh Rai,other,1971,2,other,,
nm0080149,Jaya Bachchan,Bachchan,Jaya,actor/other,1963,3,actor,other,
nf0000823,Naina Bachchan,Bachchan,Naina,relative,1969,2,relative,,
nf0000820,Teji Bachchan,Bachchan,Teji,relative,1977,3,relative,,
nm0046894,Mohnish Bahl,Bahl,Mohnish,actor,1983,0,actor,,
nm0638295,Nutan Bahl,Bahl,Nutan,actor,1950,0,actor,,
nm0047009,Rattan Bai,Bai,Rattan,actor,1933,0,actor,,
nm0695170,Om Prakash Bakshi,Bakshi,Om Prakash,actor/director/producer,1944,0,actor,director,producer
nm0049384,Suresh Balaje,Balaje,Suresh,producer,1981,0,producer,,
nm1163202,K. Balaji,Balaji,K.,actor/producer/other,1958,0,actor,producer,other
nm1799038,Vidya Balan,Balan,Vidya,actor,1995,0,actor,,
nm0050188,Geeta Bali,Bali,Geeta,actor,1946,3,actor,,
nm1464043,Jaswant Bali,Bali,Jaswant,actor,1950,0,actor,,
nm0050197,Yogeeta Bali,Bali,Yogeeta,actor,1967,0,actor,,
nm2517876,Bhavana Balsawar,Balsawar,Bhavana,actor,1987,0,actor,,
nm0051119,Ashwyn Balsawar/Balsave,Balsawar/Balsave,Ashwyn,other,1988,0,other,,
nm0066455,Beena Banerjee,Banerjee,Beena,actor/other,1977,0,actor,other,
nm5070967,Siddharth Banerjee,Banerjee,Siddharth,other,2011,0,other,,
nm0052570,Saira Banu,Banu,Saira,actor/music/producer,1961,0,actor,music,producer
nm1560638,Shaheen Banu,Banu,Shaheen,actor,1990,0,actor,,
nm1379240,Ajit Kumar Barjatya,Barjatya,Ajit Kumar,producer,1972,0,producer,,
nm0054743,Kamal Kumar Barjatya,Barjatya,Kamal Kumar,producer,1972,0,producer,,
nm3593194,Kavita Barjatya,Barjatya,Kavita,producer,2005,0,producer,,
nm1379241,Raj Kumar Barjatya,Barjatya,Raj Kumar,producer,1972,0,producer,,
nm0054744,Sooraj Barjatya,Barjatya,Sooraj,producer/other/director,1994,0,producer,other,director
nm0054745,Tarachand Barjatya,Barjatya,Tarachand,producer,1962,0,producer,,
nm0056423,Chandra Barot,Barot,Chandra,director/other/producer,1970,0,director,other,producer
nm0056426,Kamal Barot,Barot,Kamal,music,1959,0,music,,
nm1629053,Nutan (Nuti) Barot,Barot,Nutan (Nuti),other,1978,0,other,,
nm2172997,Pratap Barot,Barot,Pratap,music/director/producer,1996,0,music,director,producer
nm0056427,Ranjit Barot,Barot,Ranjit,music,1989,0,music,,
nm2102514,Harman Baweja,Baweja,Harman,actor/producer/other,2009,0,actor,producer,other
nm0062614,Harry Baweja,Baweja,Harry,producer/director/other,2005,0,producer,director,other
nm0996449,Paramjeet Baweja,Baweja,Paramjeet,producer,1994,0,producer,,
nm2099162,Rowena Baweja,Baweja,Rowena,other,2005,0,other,,
nm0001934,Kabir Bedi,Bedi,Kabir,acotr/other,1963,0,acotr,other,
nf0039339,Sikandara Begum,Begum,Sikandara,relative,1935,0,relative,,
nm1384109,Tarun Bhadury,Bhadury,Tarun,other,1964,0,other,,
nm2395579,Saranya Bhagyaraj,Bhagyaraj,Saranya,actor,2006,0,actor,,
nm2363626,Shanthanu Bhagyaraj,Bhagyaraj,Shanthanu,actor,1998,0,actor,,
nm0080205,Vikas Bhalla,Bhalla,Vikas,actor,1995,0,actor,,
nm7115909,Manoj K. Bharathi,Bharathi,Manoj K.,actor,1999,0,actor,,
nm0080251,Divya Bharti,Bharti,Divya,actor,1990,0,actor,,
nm5063859,Geetha Bhascker,Bhascker,Geetha,actor,2012,0,actor,,
nm1017633,Alia Bhatt,Bhatt,Alia,actor,1999,0,actor,,
nm1042581,Arun Bhatt,Bhatt,Arun,director/other,1956,0,director,other,
nm3134033,Chirantan Bhatt,Bhatt,Chirantan,music,2008,0,music,,
nm0080310,Harsukh Bhatt,Bhatt,Harsukh,director/other/producer,1952,0,director,other,producer
nf0080323,Heena Bhatt,Bhatt,Heena,relative,1970,0,relative,,
nm0080315,Mahesh Bhatt,Bhatt,Mahesh,director,1970,0,director,,
nm0080319,Mukesh Bhatt,Bhatt,Mukesh,producer,1989,0,producer,,
nm0080320,Nanabhai Bhatt,Bhatt,Nanabhai,director,1942,0,director,,
nm0080324,Pooja Bhatt,Bhatt,Pooja,actor,1989,0,actor,,
nm0080325,Pravin Bhatt,Bhatt,Pravin,other/director,1965,0,other,director,
nm0080327,Robin Bhatt,Bhatt,Robin,other,1990,0,other,,
nm5458614,Sakshi Bhatt,Bhatt,Sakshi,producer/actor,1989,0,producer,actor,
nm7248508,Shaheen Bhatt,Bhatt,Shaheen,other,1989,0,other,,
nf0080326,Sister of Mahesh Bhatt,Bhatt,Sister of Mahesh,relative,1970,0,relative,,
nm0080332,Vijay Bhatt,Bhatt,Vijay,producer/director,1937,0,producer,director,
nm0080333,Vikram Bhatt,Bhatt,Vikram,director/producer,1992,0,director,producer,
nm1023986,Aditya Bhattacharya,Bhattacharya,Aditya,director,1983,1,director,,
nm0080345,Basu Bhattacharya,Bhattacharya,Basu,director,1961,0,director,,
nm3477013,Nivedita Bhattacharya,Bhattacharya,Nivedita,actor,1998,0,actor,,
nm1125302,Rinki Roy Bhattacharya,Bhattacharya,Rinki Roy,other,1971,0,other,,
nf3828983,Jagjit Singh's father Bhavnani,Bhavnani,Jagjit Singh's father,relative,1985,0,relative,,
nf1619842,Sunita's father Bhavnani,Bhavnani,Sunita's father,relative,1985,0,relative,,
nm1550531,Mamta Bhayani,Bhayani,Mamta,actor,1976,0,actor,,
nm0080427,Asha Bhosle,Bhosle,Asha,music,1948,0,music,,
nm0084432,Ajoy Biswas,Biswas,Ajoy,director/actor,1959,0,director,actor,
nm1345669,Ramkumar Bohra,Bohra,Ramkumar,director/producer,1959,0,director,producer,
nm1338477,Shree Ram Bohra,Bohra,Shree Ram,director,1969,0,director,,
nm0092169,Sunil Bohra,Bohra,Sunil,producer/other/director,1990,0,producer,other,director
nm0092170,Surendra Bohra,Bohra,Surendra,producer,1994,0,producer,,
nf1033012,Jayshree T's Brother,Brother,Jayshree T's,relative,1964,0,relative,,
nf0047009,Rattan Bai's Brother,Brother,Rattan Bai's,relative,1941,0,relative,,
nm0005983,R. D. Burman,Burman,R. D.,music,1961,0,music,,
nm0005984,S. D. Burman,Burman,S. D.,music,1937,0,music,,
nm4593407,Anandan C. L.,C. L.,Anandan,actor,1953,0,actor,,
nm3002347,Mahaakshay Chakraborty,Chakraborty,Mahaakshay,actor,2007,0,actor,,
nm0149822,Mithun Chakraborty,Chakraborty,Mithun,actor,1974,0,actor,,
nm1202244,Chandrahasan,Chandrahasan,,other/director/actor,1979,0,other,director,actor
nm5263646,Viji Chandrashekhar,Chandrashekhar,Viji,actor,0,0,actor,,
nm0151293,Leena Chandravarkar,Chandravarkar,Leena,actor,1969,0,actor,,
nm0084428,Biswajit Chatterjee,Chatterjee,Biswajit,actor,1958,0,actor,,
nm0154146,Prosenjit Chatterjee,Chatterjee,Prosenjit,actor,1968,0,actor,,
nm0004487,Juhi Chawla,Chawla,Juhi,actor/producer,1986,0,actor,producer,
nm0159147,Aditya Chopra,Chopra,Aditya,producer/director,1989,0,producer,director,
nm0159148,B. R. Chopra,Chopra,B. R.,director,1949,0,director,,
nm0159150,Dharam Raj Chopra,Chopra,Dharam Raj,other,1951,0,other,,
nf0159149,Pamela Chopra,Chopra,Pamela,music/producer/other,1970,0,music,producer,other
nm4495174,Parineeti Chopra,Chopra,Parineeti,actor,2011,0,actor,,
nm0159159,Prem Chopra,Chopra,Prem,actor,1955,0,actor,,
nf0159160,Prerana Chopra,Chopra,Prerana,relative,1955,0,relative,,
nm1231899,Priyanka Chopra,Chopra,Priyanka,actor,2001,0,actor,,
nf0080205,Punita Chopra,Chopra,Punita,relative,1995,0,relative,,
nm2106220,Rahul Chopra,Chopra,Rahul,other,2004,0,other,,
nm1531347,Raj Chopra,Chopra,Raj,other,1965,0,other,,
nm0159162,Ravi Chopra,Chopra,Ravi,director/other,1969,0,director,other,
nm0159167,Uday Chopra,Chopra,Uday,actor/producer,1993,0,actor,producer,
nm0007181,Yash Chopra,Chopra,Yash,director,1956,0,director,,
nm0619656,Ramanaidu Daggubati,Daggubati,Ramanaidu,producer,1963,0,producer,,
nm2281292,Rana Daggubati,Daggubati,Rana,actor/producer,2005,0,actor,producer,
nm5576630,Suresh Babu Daggubati,Daggubati,Suresh Babu,producer/other,1982,0,producer,other,
nm0893142,Venkatesh Daggubati,Daggubati,Venkatesh,actor,1986,0,actor,,
nm0201710,Dharmesh Darshan,Darshan,Dharmesh,other/director/music,1993,0,other,director,music
nf0080318,Sheila Darshan,Darshan,Sheila,relative,1970,0,relative,,
nm0201713,Suneel Darshan,Darshan,Suneel,producer/director/other,1996,0,producer,director,other
nm0201869,Chidananda Dasgupta,Dasgupta,Chidananda,director/other/actor,1960,0,director,other,actor
nm0201956,Protima Dasgupta,Dasgupta,Protima,actor/director,1945,0,actor,director,
nm0989106,Ketki Dave,Dave,Ketki,actor/music,1982,0,actor,music,
nm1538764,Rasik Dave,Dave,Rasik,actor,1982,0,actor,,
nm1867717,Abhay Deol,Deol,Abhay,actor,1999,0,actor,,
nm1184733,Ajit Singh Deol,Deol,Ajit Singh,actor/producer/director,1969,0,actor,producer,director
nm0219967,Bobby Deol,Deol,Bobby,actor,1977,0,actor,,
nm0004429,Dharmendra Deol,Deol,Dharmendra,actor,1960,0,actor,,
nm0219968,Esha Deol,Deol,Esha,actor,2002,0,actor,,
nm0004564,Hema Malini Deol,Deol,Hema Malini,actor/producer/director,1965,0,actor,producer,director
nm5376616,Karan Deol,Deol,Karan,actor,2013,0,actor,,
nm0219971,Sunny Deol,Deol,Sunny,actor,1983,0,actor,,
nf1184734,Veerta Deol,Deol,Veerta,relative,1999,0,relative,,
nm1216260,Kanchan Desai,Desai,Kanchan,producer,2002,2,producer,,
nm0220823,Ketan Desai,Desai,Ketan,producer/other,1979,0,producer,other,
nm0220828,Manmohan Desai,Desai,Manmohan,director/producer/other,1957,0,director,producer,other 
nm1299510,Genelia D'Souza Deshmukh,Deshmukh,Genelia D'Souza,actor/other,1999,0,actor,other,
nm1299011,Riteish Deshmukh,Deshmukh,Riteish,actor,2003,0,actor,,
nm1006855,Shaarang Dev,Dev,Shaarang,music,1989,0,music,,
nm10969330,Vardhan Devarakonda,Devarakonda,Vardhan,producer,2019,0,producer,,
nm4797922,Vijay Devarakonda,Devarakonda,Vijay,actor/music/producer,2011,0,actor,music,producer
nm0222426,Ajay Devgan,Devgan,Ajay,actor,1991,0,actor,,
nm0222427,Anil Devgan,Devgan,Anil,director/other,2000,0,director,other,
nm0004418,Kajol Devgan,Devgan,Kajol,actor,1983,0,actor,,
nm0222428,Veeru Devgan,Devgan,Veeru,actor/other,1972,0,actor,other,
nf0004434,Neila Devi,Devi,Neila,relative,1969,0,relative,,
nm0222493,Sitara Devi,Devi,Sitara,actor/other,1934,0,actor,other,
nm5056902,Tharun Bhascker Dhaassyam,Dhaassyam,Tharun Bhascker,other/actor/director,2012,0,other,actor,director
nm1957070,Aishwarya Dhanush,Dhanush,Aishwarya,director/other,2006,0,director,other,
nm0223521,Anil Dhawan,Dhawan,Anil,actor,1970,0,actor,,
nm0223522,David Dhawan,Dhawan,David,director/other,1978,0,director,other,
nm2539328,Rohit Dhawan,Dhawan,Rohit,director,2006,0,director,,
nm2102682,Siddharth Dhawan,Dhawan,Siddharth,actor,1998,0,actor,,
nm3315894,Varun Dhawan,Dhawan,Varun,actor,2010,0,actor,,
nm0223531,Anita Dheer,Dheer,Anita,other,1984,0,other,,
nm1498914,C. L. Dheer,Dheer,C. L.,director,1953,0,director,,
nm3049068,Nikitin Dheer,Dheer,Nikitin,actor,2008,0,actor,,
nm0223532,Pankaj Dheer,Dheer,Pankaj,actor/director/other,1981,0,actor,director,other
nm0223533,Poonam Dheer,Dheer,Poonam,other,1994,0,other,,
nm0223534,Satluj Dheer,Dheer,Satluj,producer,1987,0,producer,,
nm3046740,Rammi Dhillon,Dhillon,Rammi,actor,1996,0,actor,,
nm0244869,Geeta Dutt,Dutt,Geeta,music/actor,1946,0,music,actor,
nm0244870,Guru Dutt,Dutt,Guru,actor/director/producer,1946,0,actor,director,producer
nf0004571,Namrata Dutt,Dutt,Namrata,relative,1981,0,relative,,
nm0004291,Nargis Dutt,Dutt,Nargis,actor,1935,0,actor,,
nm3571404,Priya Dutt,Dutt,Priya,other,2010,0,other,,
nm0004569,Sanjay Dutt,Dutt,Sanjay,actor,1981,0,actor,,
nm0004570,Sunil Dutt,Dutt,Sunil,actor,1955,0,actor,,
nm0244892,J. P. Dutta,Dutta,J. P.,director/other/producer,1970,0,director,other,producer
nm0244898,O. P. Dutta,Dutta,O. P.,other/director,1958,0,other,director,
nm1393654,Vani Ganapathy,Ganapathy,Vani,actor/other,1973,0,actor,other,
nm0304356,Anil Ganguly,Ganguly,Anil,director/other/producer,1969,0,director,other,producer
nm0006369,Ashok Kumar Ganguly,Ganguly,Ashok Kumar,actor,1936,0,actor,,
nm0474822,Kishore Kumar Ganguly,Ganguly,Kishore Kumar,music/actor,1935,0,music,actor,
nm1105183,Rajani Ganguly,Ganguly,Rajani,producer/other,1980,0,producer,other,
nf0433872,Rupa Ganguly,Ganguly,Rupa,relative,1957,0,relative,,
nm3392486,Rupali Ganguly,Ganguly,Rupali,actor,2006,0,actor,,
nm3211340,Vijay Ganguly,Ganguly,Vijay,other/actor/director,1985,0,other,actor,director
nm0307231,Simi Garewal,Garewal,Simi,actor,1962,0,actor,,
nm0310173,Kumar Gaurav,Gaurav,Kumar,actor/producer,1981,0,actor,producer,
nm1815713,Mukesh Gautam,Gautam,Mukesh,actor/director/producer,1983,0,actor,director,producer
nm6497558,Surilie Gautam,Gautam,Surilie,other/actor,2011,0,other,actor,
nm4417069,Yami Gautam,Gautam,Yami,actor,2008,0,actor,,
nm1131063,Srinivasan Gopalaratnam,Gopalaratnam,Srinivasan,producer/actor,1979,0,producer,actor,
nm1234765,Venkateswaran Gopalaratnam,Gopalaratnam,Venkateswaran,producer/actor,1986,0,producer,actor,
nm0331727,Bindiya Goswami,Goswami,Bindiya,actor/other/producer,1969,0,actor,other,producer
nm0996960,Kunal Goswami,Goswami,Kunal,actor,1981,0,actor,,
nm0006370,Manoj Kumar Goswami,Goswami,Manoj Kumar,actor,1957,0,actor,,
nm1248288,Rajiv Goswami,Goswami,Rajiv,actor/director/other,1983,0,actor,director,other
nm1571396,Udita Goswami,Goswami,Udita,actor,2003,0,actor,,
nm2279870,Vishal Goswami,Goswami,Vishal,music/other/producer,1986,0,music,other,producer
nm4468244,Arun Govil,Govil,Arun,actor,1977,0,actor,,
nm4640704,Kkhushi Govil,Govil,Kkhushi,actor,2009,0,actor,,
nm0045141,Tabassum Govil,Govil,Tabassum,actor,1947,0,actor,,
nf4468244,Vijay Govil,Govil,Vijay,relative,1985,0,relative,,
nm5578266,Hoshang Govil,Govil,Hoshang,actor,1985,0,actor,,
nm0346614,Ruma Guha Thakurta,Guha Thakurta,Ruma,music/actor,1944,0,music,actor,
nm1126068,Meghna Gulzar,Gulzar,Meghna,director/other,1993,0,director,other,
nm0347901,Rakhee Gulzar,Gulzar,Rakhee,actor/other,1967,0,actor,other,
nm0347899,Sampooran Singh Kalra Gulzar,Gulzar,Sampooran Singh Kalra,director/music/other,1960,0,director,music,other
nm7432227,Akshara Haasan,Haasan,Akshara,actor,2015,0,actor,,
nm0352032,Kamal Haasan,Haasan,Kamal,actor/music/other,1960,0,actor,music,other
nm1599046,Shruti Haasan,Haasan,Shruti,actor/music,1997,0,actor,music,
nf0660788,Masruul Haq,Haq,Masruul,relative,1949,0,relative,,
nf0080331,Anwar Hashmi,Hashmi,Anwar,director,1999,0,director,,
nm1431656,Emran Hashmi,Hashmi,Emran,actor/other,1999,0,actor,other,
nm2226774,Farha Naaz Hashmi,Hashmi,Farha Naaz,actor,1985,0,actor,,
nm0368098,Jamal Hashmi,Hashmi,Jamal,actor,1969,0,actor,,
nm0007102,Tabu Hashmi,Hashmi,Tabu,actor,1982,0,actor,,
nf0451173,Aashiq Hussain,Hussain,Aashiq,relative,1981,0,relative,,
nm0031684,Anwar Hussain,Hussain,Anwar,music,1959,0,music,,
nm0409779,Adi Irani,Irani,Adi,actor/director/other,1982,0,actor,director,other
nm0045119,Aruna Irani,Irani,Aruna,actor/producer/director,1958,0,actor,producer,director
nm1024536,Balraj Irani,Irani,Balraj,other/producer,1994,0,other,producer,
nm0409787,Daisy Irani,Irani,Daisy,actor,1960,0,actor,,
nm1030225,Firoz Irani,Irani,Firoz,actor/director/other,1967,0,actor,director,other
nm0409790,Honey Irani,Irani,Honey,other,1956,0,other,,
nm5055250,Menka Irani,Irani,Menka,actor,1963,0,actor,,
nm1310264,Ratan Irani,Irani,Ratan,producer,1982,0,producer,,
nm2385800,Sarosh Irani,Irani,Sarosh,actor,1960,0,actor,,
nm0415526,Bharti Jaffrey,Jaffrey,Bharti,actor,1998,0,actor,,
nf8231762,Hamid Jaffrey,Jaffrey,Hamid,relative,1950,0,relative,,
nm3389361,Saahil Jaffrey,Jaffrey,Saahil,actor,2006,0,actor,,
nm0006762,Saeed Jaffrey,Jaffrey,Saeed,actor,1961,0,actor,,
nm8938569,Aadar Jain,Jain,Aadar,actor,2016,0,actor,,
nm4221666,Armaan Jain,Jain,Armaan,other/actor,2012,0,other,actor,
nm0415828,Ganesh Jain,Jain,Ganesh,producer,1993,0,producer,,
nm0415837,Ratan Jain,Jain,Ratan,producer/other,1995,0,producer,other,
nf4221665,Rima Jain,Jain,Rima,relative,2012,4,relative,,
nm2140421,Kishore Kumar Jariwala,Jariwala,Kishore Kumar,actor,1969,0,actor,,
nm5980225,Nakul Jariwala,Jariwala,Nakul,producer,1988,0,producer,,
nm0419320,Durga Jasraj,Jasraj,Durga,actor,1993,0,actor,,
nm1380426,Pandit Jasraj,Jasraj,Pandit,music,1987,0,music,,
nm0419691,Poornima Jayaram,Jayaram,Poornima,actor,1977,0,actor,,
nm0412883,Jayalalitha Jayaram,Jayaram,Jayalalitha,actor,1961,0,actor,,
nm0419787,Nalini Jaywant,Jaywant,Nalini,actor,1941,0,actor,,
nm2936469,Disha Jha,Jha,Disha,other/producer,2005,0,other,producer,
nm0422552,Prakash Jha,Jha,Prakash,director/producer/other,1976,0,director,producer,other
nm0424101,Hiroo Johar,Johar,Hiroo,producer,1980,0,producer,,
nm0424103,Karan Johar,Johar,Karan,director/producer,1989,0,director,producer,
nm0424105,Yash Johar,Johar,Yash,producer/other,1951,0,producer,other,
nm0430787,Arvind Joshi,Joshi,Arvind,actor/other,1961,0,actor,other,
nm5840639,Pravin Joshi,Joshi,Pravin,actor,1972,0,actor,,
nm3126754,Purbi Joshi,Joshi,Purbi,actor/music,2011,0,actor,music,
nm1934428,Sarita Joshi,Joshi,Sarita,actor,1974,0,actor,,
nm0430817,Sharman Joshi,Joshi,Sharman,actor,1999,0,actor,,
nm1185265,Kiran Juneja,Juneja,Kiran,actor,1984,0,actor,,
nm0049335,Balachander K,K,Balachander,director/other/producer,1964,0,director,other,producer
nm1421754,Selvaraghavan K,K,Selvaraghavan,director/other,2002,0,director,other,
nm2366197,Faruk Kabir,Kabir,Faruk,director/other,2000,0,director,other,
nm1159360,N. S. Kabir,Kabir,N. S.,actor/producer/other,1945,0,actor,producer,other
nm3648164,Sabiha Kabir,Kabir,Sabiha,other/producer,1977,0,other,producer,
nm1268956,Sanober Kabir,Kabir,Sanober,actor/music,1999,0,actor,music,
nm0437031,S.R. Puttana Kanagal,Kanagal,S.R. Puttana,director/other/producer,1964,0,director,other,producer
nm9076358,Chunnibai Kapadia,Kapadia,Chunnibai,producer,1979,0,producer,,
nm0438092,Dimple Kapadia,Kapadia,Dimple,actor,1973,0,actor,,
nm0438098,Simple Kapadia,Kapadia,Simple,actor,1977,0,actor,,
nm0438461,Abhishek Kapoor,Kapoor,Abhishek,director/actor,1995,1,director,actor,
nm1207480,Aditya Raj Kapoor,Kapoor,Aditya Raj,actor/other,1975,2,actor,other,
nm0438463,Anil Kapoor,Kapoor,Anil,actor,1979,5,actor,,
nm0438465,Annu Kapoor,Kapoor,Annu,actor/director/music,1979,0,actor,director,music
nm1819083,Arjun Kapoor,Kapoor,Arjun,actor,2002,1,actor,,
nm0044999,Babita Kapoor,Kapoor,Babita,actor,1966,3,actor,,
nm0059777,Basheswarnath Kapoor,Kapoor,Basheswarnath,other/actor,1951,0,other,actor,
nm0438470,Boney Kapoor,Kapoor,Boney,producer,1980,3,producer,,
nm0438471,Ekta Kapoor,Kapoor,Ekta,producer,1995,1,producer,,
nm7561367,Harshvardhan Kapoor,Kapoor,Harshvardhan,actor/other,2015,1,actor,other,
nm9427099,Janhvi Kapoor,Kapoor,Janhvi,actor,2018,1,actor,,
nm0419707,Jayasudha Kapoor,Kapoor,Jayasudha,actor,1972,1,actor,,
nm0420090,Jeetendra Kapoor,Kapoor,Jeetendra,actor,1964,4,actor,,
nm0447557,Jennifer Kendal Kapoor,Kapoor,Jennifer Kendal,actor,1961,2,actor,,
nm0004430,Karan Kapoor,Kapoor,Karan,actor,1982,2,actor,,
nm0004626,Kareena Kapoor,Kapoor,Kareena,actor,2000,3,actor,,
nm0006433,Karisma Kapoor,Kapoor,Karisma,actor,1991,3,actor,,
nm0438479,Kedar Kapoor,Kapoor,Kedar,director/producer,1954,0,director,producer,
nm2049722,Krishna Kapoor,Kapoor,Krishna,relative,1987,1,relative,,
nm1577858,Kunal Kapoor,Kapoor,Kunal,actor/other,2001,1,actor,other,
nm0438480,Madhu Kapoor,Kapoor,Madhu,actor,1978,0,actor,,
nm3078948,Madhumalti Kapoor,Kapoor,Madhumalti,actor,1965,0,actor,,
nm0438481,Mahendra Kapoor,Kapoor,Mahendra,music,1956,1,music,,
nm0802183,Neetu Singh Kapoor,Kapoor,Neetu Singh,actor,1966,2,actor,,
nm5244740,Nikhil Kapoor,Kapoor,Nikhil,actor/other,1984,0,actor,other,
nm1629078,Nitin Kapoor,Kapoor,Nitin,producer,1988,1,producer,,
nm0004432,Prithviraj Kapoor,Kapoor,Prithviraj,actor,1929,3,actor,,
nm0004292,Raj Kapoor,Kapoor,Raj,actor/producer/director,1935,8,actor,producer,director
nm0438497,Rajiv Kapoor,Kapoor,Rajiv,actor/producer,1981,2,actor,producer,
nm1633541,Ranbir Kapoor,Kapoor,Ranbir,actor,2004,2,actor,,
nm0196380,Randhir Kapoor,Kapoor,Randhir,actor/producer,1955,5,actor,producer,
nm0438499,Ranjit Kapoor,Kapoor,Ranjit,other/director/actor,1981,0,other,director,actor
nm3608045,Rhea Kapoor,Kapoor,Rhea,producer/other,2014,1,producer,other,
nm0438501,Rishi Kapoor,Kapoor,Rishi,actor,1955,5,actor,,
nm1225454,Rohan Kapoor,Kapoor,Rohan,actor/music,1985,1,actor,music,
nm0438504,Sanjana Kapoor,Kapoor,Sanjana,actor,1979,2,actor,,
nm0438503,Sanjay Kapoor,Kapoor,Sanjay,actor,1995,1,actor,,
nf0420090,Sashi/Madhu Kapoor,Kapoor,Sashi/Madhu,relative,1995,2,relative,,
nm0999225,Seema Kapoor,Kapoor,Seema,other/director,2011,0,other,director,
nm1372788,Shahid Kapoor,Kapoor,Shahid,actor,1997,0,actor,,
nm0007106,Shakti Kapoor,Kapoor,Shakti,actor,1975,3,actor,,
nm0004433,Shammi Kapoor,Kapoor,Shammi,actor,1953,5,actor,,
nm0004434,Shashi Kapoor,Kapoor,Shashi,actor/producer,1945,4,actor,producer,
nm0438506,Shobha Kapoor,Kapoor,Shobha,producer,1995,1,producer,,
nm3601766,Shraddha Kapoor,Kapoor,Shraddha,actor,2010,1,actor,,
nm4948769,Siddhanth Kapoor,Kapoor,Siddhanth,actor,1997,1,actor,,
nm2128238,Sonam Kapoor,Kapoor,Sonam,actor,2005,1,actor,,
nm0004437,Sridevi Kapoor,Kapoor,Sridevi,actor,1967,2,actor,,
nm1619842,Sunita Kapoor,Kapoor,Sunita,other,1984,0,other,,
nm0438508,Surinder Kapoor,Kapoor,Surinder,other,1958,0,other,,
nm0438510,Trilok Kapoor,Kapoor,Trilok,actor,1933,0,actor,,
nm0969428,Tusshar Kapoor,Kapoor,Tusshar,actor,2001,1,actor,,
nf0001410,Aruna Kapur,Kapur,Aruna,relative,1974,0,relative,,
nf0001409,Neelu Kapur,Kapur,Neelu,relative,1974,0,relative,,
nm0438488,Pankaj Kapur,Kapur,Pankaj,actor,1981,0,actor,,
nm6886938,Sanah Kapur,Kapur,Sanah,actor,2015,0,actor,,
nf0001408,Sheel Kanta Kapur,Kapur,Sheel Kanta,relative,1974,0,relative,,
nm0001408,Shekhar Kapur,Kapur,Shekhar,actor/director/producer,1974,0,actor,director,producer
nf0620786,Jaiprakash Karnataki,Karnataki,Jaiprakash,relative,1953,0,relative,,
nm0898521,Master Vinayak Karnataki,Karnataki,Master Vinayak,actor/director/producer,1932,0,actor,director,producer
nm0439794,Vasudev Karnataki,Karnataki,Vasudev,other,1957,0,other,,
nm0440235,Kalpana Kartik,Kartik,Kalpana,actor,1951,0,actor,,
nm0899649,Viswanath Kasinadhuni,Kasinadhuni,Viswanath,other/director/actor,1957,0,other,director,actor
nm2260359,Zarine Katrak,Katrak,Zarine,actor,1963,0,actor,,
nm6334631,Haridarshan Kaur,Kaur,Haridarshan,producer,1953,0,producer,,
nm1244979,Heena Kausar,Kausar,Heena,actor,1970,0,actor,,
nm0443503,Manoj Kaytee,Kaytee,Manoj,actor/other/producer,1989,0,actor,other,producer
nm1599231,Meena Khadikar,Khadikar,Meena,music,1954,0,music,,
nm0451148,Aamir Khan,Khan,Aamir,actor/producer,1973,0,actor,producer,
nm1139068,Akbar Khan,Khan,Akbar,actor/director/producer,1974,0,actor,director,producer
nm0023863,Amanullah Khan,Khan,Amanullah,other/actor,1951,0,other,actor,
nm0451170,Arbaaz Khan,Khan,Arbaaz,actor/producer/director,1996,0,actor,producer,director
nm0451175,Aryan Khan,Khan,Aryan,actor,2001,0,actor,,
nm0451183,Ayub Khan,Khan,Ayub,actor/producer/other,1990,0,actor,producer,other
nm0451207,Faisal Khan,Khan,Faisal,actor,1969,0,actor,,
nm0007134,Farah Khan,Khan,Farah,other/actor,1981,0,other,actor,
nm0007228,Fardeen Khan,Khan,Fardeen,actor,1998,0,actor,,
nm0451211,Feroze Khan,Khan,Feroze,actor/producer/director,1956,0,actor,producer,director
nm0451215,Gauri Khan,Khan,Gauri,other/producer,1993,0,other,producer,
nm0374974,Helen Khan,Khan,Helen,actor,1945,0,actor,,
nm1405359,Imran Khan,Khan,Imran,actor/director,1988,0,actor,director,
nm0451234,Irrfan Khan,Khan,Irrfan,actor/director/producer,1986,0,actor,director,producer
nm0436967,Kamran Khan,Khan,Kamran,actor,1953,0,actor,,
nm2740304,Laila Khan,Khan,Laila,actor/other,1972,0,actor,other,
nm0451257,Mansoor Khan,Khan,Mansoor,director/producer,1988,0,director,producer,
nm0451261,Mazhar Khan,Khan,Mazhar,actor/director,1979,0,actor,director,
nm0006371,Mehboob Khan,Khan,Mehboob,relative,1935,0,relative,,
nm0451278,Nasir Khan,Khan,Nasir,actor/other,1947,0,actor,other,
nm0403826,Nasir Hussain Khan,Khan,Nasir Hussain,director/producer/other,1953,0,director,producer,other 
nm0623419,Nazir Ahmed Khan,Khan,Nazir Ahmed,actor/director/producer,1930,0,actor,director,producer
nm1539779,Nikhat Khan,Khan,Nikhat,other,1977,0,other,,
nm1145607,Nuzhat Khan,Khan,Nuzhat,actor,1967,0,actor,,
nm0451307,Saif Ali Khan,Khan,Saif Ali,actor/producer,1993,1,actor,producer,
nm0451309,Sajid Khan,Khan,Sajid,actor/music,1957,0,actor,music,
nm1349318,Sajid Khan,Khan,Sajid,actor/other,1989,0,actor,other,
nm0451311,Salim Khan,Khan,Salim,actor/producer,1960,0,actor,producer,
nm0006795,Salman Khan,Khan,Salman,actor/producer,1988,0,actor,producer,
nm0451313,Sanjay Khan,Khan,Sanjay,actor/director/producer,1962,0,actor,director,producer
nm0995505,Saqib Khan,Khan,Saqib,producer,2001,0,producer,,
nm9071083,Sara Ali Khan,Khan,Sara Ali,actor,2018,0,actor,,
nm0451321,Shah Rukh Khan,Khan,Shah Rukh,actor/producer,1988,0,actor,producer,
nm7827767,Simone Khan,Khan,Simone,actor,1980,0,actor,,
nm1675786,Soha Ali Khan,Khan,Soha Ali,actor,2004,0,actor,,
nm0451326,Sohail Khan,Khan,Sohail,actor/producer,1998,0,actor,producer,
nm0403981,Tahir Hussain Khan,Khan,Tahir Hussain,producer/actor,1961,0,producer,actor,
nf0613417,Talat Khan,Khan,Talat,relative,1970,0,relative,,
nm1300301,Zayed Khan,Khan,Zayed,actor,2003,0,actor,,
nm0451379,Akshaye Khanna,Khanna,Akshaye,actor,1997,0,actor,,
nm8001267,Amit Khanna,Khanna,Amit,actor,2006,0,actor,,
nf0332871,Kamini Khanna,Khanna,Kamini,relative,1994,0,relative,,
nm2419285,Praveen Khanna,Khanna,Praveen,producer,1994,0,producer,,
nm4004908,Ragini Khanna,Khanna,Ragini,actor,2008,0,actor,,
nm0451391,Rahul Khanna,Khanna,Rahul,actor,1998,0,actor,,
nm0004435,Rajesh Khanna,Khanna,Rajesh,actor,1962,0,actor,,
nm0451392,Rinke Khanna,Khanna,Rinke,actor,1999,0,actor,,
nm0007012,Twinkle Khanna,Khanna,Twinkle,actor,1995,0,actor,,
nm0451396,Vinod Khanna,Khanna,Vinod,actor,1969,0,actor,,
nm2020109,Ishaan Khatter,Khatter,Ishaan,actor,2005,0,actor,,
nm1279922,Rajesh Khatter,Khatter,Rajesh,actor,1989,0,actor,,
nm0447240,Kunal Khemu,Khemu,Kunal,actor,1987,0,actor,,
nf8836090,Adwait Kher,Kher,Adwait,other,1982,0,other,,
nm7517362,Saiyami Kher,Kher,Saiyami,actor,2016,0,actor,,
nm4419038,Saunskruti Kher,Kher,Saunskruti,actor,2011,0,actor,,
nm8836090,Uttara Mhatre Kher,Kher,Uttara Mhatre,other,1982,0,other,,
nm0451600,Anupam Kher,Kher,Anupam,actor/producer,1982,0,actor,producer,
nm0451601,Kirron Kher,Kher,Kirron,actor,1983,0,actor,,
nm1199508,Raju Kher,Kher,Raju,actor,1985,0,actor,,
nm3071488,Sikandar Kher,Kher,Sikandar,actor,2008,0,actor,,
nm0451846,Raj Khosla,Khosla,Raj,director/producer,1955,0,director,producer,
nm1539788,Divya Khosla Kumar,Khosla Kumar,Divya,actor/producer/director,2003,0,actor,producer,director
nm0451861,Deven Khote,Khote,Deven,producer/director/actor,1984,0,producer,director,actor
nm0451862,Durga Khote,Khote,Durga,actor,1931,0,actor,,
nf0451863,Harin Khote,Khote,Harin,relative,1991,0,relative,,
nm2629998,Nandu Khote,Khote,Nandu,actor,1934,0,actor,,
nm0451863,Shubha Khote,Khote,Shubha,actor/director/producer,1955,0,actor,director,producer
nm0451864,Viju Khote,Khote,Viju,actor,1967,0,actor,,
nf2629998,Vishwanath Khote,Khote,Vishwanath,relative,1936,0,relative,,
nm6269780,Aparshakti Khurrana,Khurrana,Aparshakti,actor,2014,0,actor,,
nm4731677,Ayusmann Khurrana,Khurrana,Ayusmann,actor/music,2003,0,actor,music,
nm0456096,Usha Kiran,Kiran,Usha,actor,1948,0,actor,,
nm0463315,Kuku Kohli,Kohli,Kuku,director/other/actor,1991,0,director,other,actor
nf7720306,Krishnarao Kolhapure,Kolhapure,Krishnarao,music,1962,0,music,,
nm0464075,Padmini Kolhapure,Kolhapure,Padmini,actor,1972,0,actor,,
nm9181878,Pandharinath Kolhapure,Kolhapure,Pandharinath,music,1962,0,music,,
nm2552990,Shivangi Kolhapure,Kolhapure,Shivangi,music,1973,1,music,,
nm1339267,Tejaswini Kolhapure,Kolhapure,Tejaswini,actor,2000,0,actor,,
nm1138302,Swaminathan Komal,Komal,Swaminathan,other/director,1968,0,other,director,
nm0471427,Prem Krishan,Krishan,Prem,actor,1975,0,actor,,
nm0080180,Bhagyaraj Krishnasaamy,Krishnasaamy,Bhagyaraj,director/actor/music,1977,0,director,actor,music
nm0015001,Ajith Kumar,Kumar,Ajith,actor,1990,0,actor,,
nm0474774,Akshay Kumar,Kumar,Akshay,actor/producer,1987,0,actor,producer,
nm0474776,Amit Kumar,Kumar,Amit,singer,1974,0,singer,,
nm0474780,Anoop Kumar,Kumar,Anoop,actor,1950,0,actor,,
nm1024685,Bhushan Kumar,Kumar,Bhushan,producer/other,2000,0,producer,other,
nm0474806,Gulshan Kumar,Kumar,Gulshan,producer/actor/other,1986,0,producer,actor,other
nm0409791,Indra Kumar,Kumar,Indra,director/producer/actor,1990,0,director,producer,actor
nm0474819,Kalyan Kumar,Kumar,Kalyan,actor/director,1954,0,actor,director,
nm0474850,Pradeep Kumar,Kumar,Pradeep,actor/producer/director,1947,0,actor,producer,director
nm0006348,Rajendra Kumar,Kumar,Rajendra,actor/producer,1949,0,actor,producer,
nm2846672,Sandeep Kumar,Kumar,Sandeep,director/other,2003,0,director,other,
nm0474876,Sanjeev Kumar,Kumar,Sanjeev,actor,1960,0,actor,,
nm3149050,Shweta Kumar,Kumar,Shweta,actor,2008,0,actor,,
nm1368731,Sumanth Kumar,Kumar,Sumanth,actor/other,1999,0,,,
nm2276001,Tulsi Kumar,Kumar,Tulsi,music/actor,2006,0,music,actor,
nm0474801,Dilip (Yusuf) Kumar (Khan),Kumar (Khan),Dilip (Yusuf),actor/other/director,1944,0,actor,other,director
nm0474932,Meena Kumari,Kumari,Meena,actor,1939,0,actor,,
nm1145655,Shirish Kunder,Kunder,Shirish,other/music,2000,0,other,music,
nm0493923,Kalpana Lajmi,Lajmi,Kalpana,director,1978,0,director,,
nf0244870,Lalita Lajmi,Lajmi,Lalita,other,1978,0,other,,
nm2475355,Kishore Lulla,Lulla,Kishore,producer,2006,0,producer,,
nm4299305,Krishika Lulla,Lulla,Krishika,producer/other,2010,0,producer,other,
nm2602251,Sunil Lulla,Lulla,Sunil,producer/actor,2007,0,producer,actor,
nf0527451,Arjun Luthria,Luthria,Arjun,relative,1989,0,relative,,
nm0527453,Milan Luthria,Luthria,Milan,director,1989,0,director,,
nf0527452,Milan's Mother Luthria,Luthria,Milan's Mother,relative,1989,0,relative,,
nm0837199,Sudhir Luthria,Luthria,Sudhir,actor,1954,0,actor,,
nm2054330,Mini Mahmood,Mahmood,Mini,actor,1972,0,actor,,
nm3672390,Manjari Makijany,Makijany,Manjari,other/producer,2011,0,other,producer,
nm4829299,Vikrant Makijany,Makijany,Vikrant,actor,2011,0,actor,,
nm4829303,Vinati Makijany,Makijany,Vinati,actor/other,2011,0,actor,other,
nm1178825,Akanksha Malhotra,Malhotra,Akanksha,actor,2001,0,actor,,
nm0961448,Narendra Nath Malhotra,Malhotra,Narendra Nath,actor,1966,0,actor,,
nm0622193,Prem Nath Malhotra,Malhotra,Prem Nath,actor,1947,0,actor,,
nm0707398,Rajendra Nath Malhotra,Malhotra,Rajendra Nath,actor,1938,0,actor,,
nm5648841,Siddharth Malhotra,Malhotra,Siddharth,director/other,1998,0,director,other,
nm6153653,Amal Malik,Malik,Amal,music,2009,0,music,,
nm2083709,Anmol Malik,Malik,Anmol,music/other,1996,0,music,other,
nm0006182,Anu Malik,Malik,Anu,relative,1983,0,relative,,
nm3263017,Armaan Malik,Malik,Armaan,music/actor,2007,0,music,actor,
nm0540022,Daboo (Krish) Malik,Malik,Daboo (Krish),actor/music,1983,0,actor,music,
nm0539592,Sardar Malik,Malik,Sardar,music,1953,0,music,,
nm1149859,Jayant Malkan,Malkan,Jayant,producer,1982,0,producer,,
nm0539781,Sameer Malkan,Malkan,Sameer,director/other,1993,0,director,other,
nm0151526,Chandramohan Mallampalli,Mallampalli,Chandramohan,actor,1966,0,actor,,
nf0542195,Dinanath Mangeshkar,Mangeshkar,Dinanath,music,1942,0,music,,
nm0542195,Hridaynath Mangeshkar,Mangeshkar,Hridaynath,music,1968,0,music,,
nm0542196,Lata Mangeshkar,Mangeshkar,Lata,music,1942,0,music,,
nm0542197,Usha Mangeshkar,Mangeshkar,Usha,music,1954,0,music,,
nm0007124,Suhasini Maniratnam,Maniratnam,Suhasini,actor/other/producer,1980,0,actor,other,producer
nm1963822,Mohit Marwah,Marwah,Mohit,actor,2005,0,actor,,
nf1963821,Reena Marwah,Marwah,Reena,relative,2005,0,relative,,
nm0006715,Mukesh Chand Mathur,Mathur,Mukesh Chand,music/actor,1941,0,music,actor,
nm0007107,Urmila Matondkar,Matondkar,Urmila,actor,1980,0,actor,,
nm1327594,Farroukh Mehta,Mehta,Farroukh,actor,1988,0,actor,,
nf0004487,Jay Mehta,Mehta,Jay,relative,1995,0,relative,,
nm0576587,Vijaya Mehta,Mehta,Vijaya,director/actor/other,1986,0,director,actor,other
nm1946407,Kay Kay Menon,Menon,Kay Kay,actor,1995,0,actor,,
nm0592578,Akhtar Mirza,Mirza,Akhtar,writer,1950,0,writer,,
nm0592583,Aziz Mirza,Mirza,Aziz,director/producer,1987,0,director,producer,
nm0592595,Saeed Mirza,Mirza,Saeed,director,1976,0,director,,
nm4288932,Satyadeep Misra,Misra,Satyadeep,actor,2011,0,actor,,
nm0595909,Mac Mohan,Mohan,Mac,actor,1964,0,actor,,
nf1963822,Antara Motiwala,Motiwala,Antara,other,2018,0,other,,
nm2176659,Bhavna Motiwala,Motiwala,Bhavna,other,1981,0,other,,
nm2209781,Ayan Mukerjee,Mukerjee,Ayan,director/actor,2005,0,director,actor,
nm5068738,Naman Nitin Mukesh,Mukesh,Naman Nitin,other/director,2013,0,other,director,
nm1778703,Neil Nitin Mukesh,Mukesh,Neil Nitin,actor/music/other,1988,0,actor,music,other
nm1042471,Nitin Mukesh,Mukesh,Nitin,music/actor,1970,0,music,actor,
nm0971111,Deb Mukherjee,Mukherjee,Deb,actor/director/producer,1965,0,actor,director,producer
nm0611535,Joy Mukherjee,Mukherjee,Joy,actor,1960,0,actor,,
nm2752803,Krishna Mukherjee,Mukherjee,Krishna,singer,1964,0,singer,,
nm1274179,Manas Mukherjee,Mukherjee,Manas,music,1979,0,music,,
nm5619229,Raja Mukherjee,Mukherjee,Raja,director,1977,0,director,,
nm0611550,Ram Mukherjee,Mukherjee,Ram,director,1960,0,director,,
nm0611552,Rani Mukherjee,Mukherjee,Rani,actor,1989,0,actor,,
nf1642510,Ravindramohan Mukherjee,Mukherjee,Ravindramohan,relative,1950,0,relative,,
nm4335706,Rono Mukherjee,Mukherjee,Rono,director,1965,0,director,,
nm0756010,Sagarika Mukherjee,Mukherjee,Sagarika,music/actor/other,1979,0,music,actor,other
nm0611558,Samrat Mukherjee,Mukherjee,Samrat,actor,1977,0,actor,,
nm1642511,Sashadhar Mukherjee,Mukherjee,Sashadhar,producer,1939,0,producer,,
nm4554077,Sati devi Mukherjee,Mukherjee,Sati devi,actor,1947,0,actor,,
nm1034805,Shaan (Shantanu) Mukherjee,Mukherjee,Shaan (Shantanu),music/actor,1989,0,music,actor,
nm1166510,Sharbani Mukherjee,Mukherjee,Sharbani,actor,1977,0,actor,,
nm1126884,Shomu Mukherjee,Mukherjee,Shomu,director/producer,1973,0,director,producer,
nm1860887,Shyam Mukherjee,Mukherjee,Shyam,relative,1979,0,relative,,
nm0611582,Subodh Mukherjee,Mukherjee,Subodh,director/producer,1955,0,director,producer,
nm0849500,Tanisha Mukherjee,Mukherjee,Tanisha,actor/producer,2003,0,actor,producer,
nm0849863,Tanuja Mukherjee,Mukherjee,Tanuja,actor,1950,0,actor,,
nm0612618,Minoo Mumtaz,Mumtaz,Minoo,actor,1955,0,actor,,
nm0613417,Raza Murad,Murad,Raza,actor/music,1965,0,actor,music,
nm0814193,Sonam (Bakhtawar) Murad,Murad,Sonam (Bakhtawar),actor,1980,0,actor,,
nm11235037,Balaji Murugadoss,Murugadoss,Balaji,actor,2017,0,actor,,
nm9669384,Razvanah Naaz,Naaz,Razvanah,actor,1987,0,actor,,
nm1195705,A. K. Nadiadwala,Nadiadwala,A. K.,producer,1963,0,producer,,
nm1396405,H. A. Nadiadwala,Nadiadwala,H. A.,producer,1977,0,producer,,
nm0618898,Sajid Nadiadwala,Nadiadwala,Sajid,producer,1967,0,producer,,
nm0619047,Anant Nag,Nag,Anant,actor,1973,0,actor,,
nm1617865,Arundhati Nag,Nag,Arundhati,actor/other,1973,0,actor,other,
nm0619053,Shankar Nag,Nag,Shankar,actor/other/director/producer,1977,0,actor,other,director
nm1261158,Ira Nagrath,Nagrath,Ira,music,1985,0,music,,
nm2143210,Onjolee Nair,Nair,Onjolee,actor,2006,0,actor,,
nf0004294,Nikhil Nanda,Nanda,Nikhil,relative,1997,0,relative,,
nf0004293,Ritu Kapoor Nanda,Nanda,Ritu Kapoor,relative,1997,4,relative,,
nf0000821,Shweta Bachchan Nanda,Nanda,Shweta Bachchan,relative,1997,3,relative,,
nm0621251,Aditya Narayan,Narayan,Aditya,music/actor,1995,0,music,actor,
nm0621257,Udit Narayan,Narayan,Udit,music/actor,1980,0,music,actor,
nm0992664,Karan Nath,Nath,Karan,actor,1993,0,actor,,
nm1550928,Monty Nath,Nath,Monty,actor/director/producer,1972,0,actor,director,producer
nm0622196,Rakesh Nath,Nath,Rakesh,producer,1993,0,producer,,
nm0707534,Reema Nath,Nath,Reema,director,1955,0,director,,
nm0622732,Deepti Naval,Naval,Deepti,actor/director/other,1977,0,actor,director,other
nm2936282,Jai Singh Nijjar,Nijjar,Jai Singh,other,1988,0,other,,
nm5478232,Sunny Nijjar,Nijjar,Sunny,actor,2009,0,actor,,
nm0632615,Navin Nischol,Nischol,Navin,actor,1971,0,actor,,
nf0474802,Akhtar NULL,NULL,Akhtar,relative,1949,0,relative,,
nm0080228,Bhanupriya NULL,NULL,Bhanupriya,actor,1983,0,actor,,
nm0153636,Charusheela NULL,NULL,Charusheela,actor,1961,0,actor,,
nm1513920,Digvijay NULL,NULL,Digvijay,director/producer,1952,0,director,producer,
nm0435753,Kalidas NULL,NULL,Kalidas,director/producer/actor,1962,0,director,producer,actor
nm0007123,Mammootty NULL,NULL,Mammootty,actor/producer/music,1971,0,actor,producer,music
nm1306744,Meena NULL,NULL,Meena,actor,1956,0,actor,,
nm0482320,Mohanlal NULL,NULL,Mohanlal,actor/music/producer,1978,0,actor,music,producer
nm0612614,Mumtaz NULL,NULL,Mumtaz,actor/music,1958,0,actor,music,
nm0613407,Murad NULL,NULL,Murad,actor,1943,0,actor,,
nm0620785,Nanda NULL,NULL,Nanda,actor,1948,0,actor,,
nf0006371,Rahat NULL,NULL,Rahat,relative,1962,0,relative,,
nf1343476,Rita NULL,NULL,Rita,relative,1975,0,relative,,
nf0474801,Saeeda NULL,NULL,Saeeda,relative,1949,0,relative,,
nm0756950,Sajjan NULL,NULL,Sajjan,actor,1948,0,actor,,
nm0698183,Shantipriya NULL,NULL,Shantipriya,actor,1987,0,actor,,
nm0796494,Siddharth NULL,NULL,Siddharth,actor,1971,0,actor,,
nf0049384,Suchitra NULL,NULL,Suchitra,relative,1983,0,relative,,
nf0052570,Sultan NULL,NULL,Sultan,relative,1962,0,relative,,
nm0643348,Akshay Oberoi,Oberoi,Akshay,actor,2001,0,actor,,
nm0643349,Anahita Oberoi,Oberoi,Anahita,actor,1998,0,actor,,
nm0643350,Suresh Oberoi,Oberoi,Suresh,actor,1967,0,actor,,
nf0643350,Suresh's brother Oberoi,Oberoi,Suresh's brother,relative,1967,0,relative,,
nm1059103,Vivek Oberoi,Oberoi,Vivek,actor,2002,0,actor,,
nm0707300,Bharathiraja P,P,Bharathiraja,director/actor/other,1977,0,director,actor,other
nm1487785,Ram Prakash Pacchi,Pacchi,Ram Prakash,actor/producer/director,1959,0,actor,producer,director
nm2138653,Deepika Padukone,Padukone,Deepika,actor,2006,0,actor,,
nm0657159,Colin Pal,Pal,Colin,other/actor,1958,0,other,actor,
nm1001620,Deep Pal,Pal,Deep,other,1993,0,other,,
nm0657176,Niranjan Pal,Pal,Niranjan,other/director,1915,0,other,director,
nm0659156,Aditya Pancholi,Pancholi,Aditya,actor/producer,1986,0,actor,producer,
nm4808460,Sooraj Pancholi,Pancholi,Sooraj,actor,2012,0,actor,,
nm9203528,Ananya Pandey,Pandey,Ananya,actor,2019,0,actor,,
nm0659233,Chunky Pandey,Pandey,Chunky,actor/music,1987,0,actor,music,
nm7349866,Arun Pandian,Pandian,Arun,"actor,director,producer",1986,0,"actor,director,producer",,
nm8051850,Ramya Pandian,Pandian,Ramya,actor,2016,0,actor,,
nm1269729,Jatin Pandit,Pandit,Jatin,music,1982,0,music,,
nm1269730,Lalit Pandit,Pandit,Lalit,music,1991,0,music,,
nm2187933,Mandhir Pandit,Pandit,Mandhir,music,1982,0,music,,
nf1380427,Maniram Pandit,Pandit,Maniram,relative/music,1935,0,relative,music,
nf1380425,Pratap Narayan Pandit,Pandit,Pratap Narayan,relative/music,1948,0,relative,music,
nm1018669,Shraddha Pandit,Pandit,Shraddha,music,1997,0,music,,
nm1574540,Shweta Pandit,Pandit,Shweta,music,1997,0,music,,
nm0659264,Sulakshana Pandit,Pandit,Sulakshana,music/actor,1967,0,music,actor,
nm0659266,Vijayata Pandit,Pandit,Vijayata,music/actor,1972,0,music,actor,
nm6535488,Vinod Pandit,Pandit,Vinod,actor,1995,0,actor,,
nm1620077,Vishwaraj Pandit,Pandit,Vishwaraj,music,1992,0,music,,
nm1276931,Yash Pandit,Pandit,Yash,actor,1985,0,actor,,
nm0660788,Begum Para,Para,Begum,actor/other,1944,0,actor,other,
nm0661239,Asha Parekh,Parekh,Asha,actor,1952,0,actor,,
nm1637738,Sudha Parekh,Parekh,Sudha,other,1971,0,other,,
nm0665349,Ameesha Patel,Patel,Ameesha,actor/producer,2000,0,actor,producer,
nm0665351,Anuradha Patel,Patel,Anuradha,actor,1983,0,actor,,
nm0665352,Asha Patel,Patel,Asha,actor,1981,0,actor,,
nm1483377,Ashmit Patel,Patel,Ashmit,actor/other/music,2003,0,actor,other,music
nm0665544,Dina Pathak,Pathak,Dina,actor,1948,0,actor,,
nm0665550,Ratna Pathak,Pathak,Ratna,actor,1983,0,actor,,
nm0665554,Supriya Pathak,Pathak,Supriya,actor,1981,0,actor,,
nm0665599,Smita Patil,Patil,Smita,actor,1974,0,actor,,
nm8622120,Abijith Paul,Paul,Abijith,actor,2013,0,actor,,
nm3898762,Amala Paul,Paul,Amala,producer/actor,2009,0,producer,actor,
nm0671707,Baburao Pendharkar,Pendharkar,Baburao,actor/director/producer,1920,0,actor,director,producer
nm0671708,Bhalji Pendharkar,Pendharkar,Bhalji,director/other/producer,1925,0,director,other,producer
nm0498639,Leela Pendharkar,Pendharkar,Leela,actor,1932,0,actor,,
nm6264567,Prabhakar Pendharkar,Pendharkar,Prabhakar,director,1982,0,director,,
nm0700869,Amrish Puri,Puri,Amrish,actor/music,1967,0,actor,music,
nm1261343,Anoop Puri,Puri,Anoop,actor,2001,0,actor,,
nm1127177,Chaman Puri,Puri,Chaman,actor,1949,0,actor,,
nm0534501,Madan Puri,Puri,Madan,actor,1941,0,actor,,
nm0700875,Om Puri,Puri,Om,actor/music,1975,0,actor,music,
nm1339776,Ramesh Puri,Puri,Ramesh,director/other/actor,1969,0,director,other,actor
nm1347210,Shekhar Purohit,Purohit,Shekhar,actor,1961,0,actor,,
nm1553117,Suraj Purohit,Purohit,Suraj,actor/other,1959,0,actor,other,
nm0820240,Srihari Raghumudri,Raghumudri,Srihari,actor,1987,0,actor,,
nm0706790,Bina Rai,Rai,Bina,actor,1951,0,actor,,
nm0706794,Gulshan Rai,Rai,Gulshan,producer/other,1979,0,producer,other,
nm0706800,Rajiv Rai,Rai,Rajiv,director/other,1977,0,director,other,
nm0695177,Prakash Raj,Raj,Prakash,actor/director/other,1986,0,actor,director,other
nm1011997,Kasthuri Raja,Raja,Kasthuri,director/producer/music,1991,0,director,producer,music
nm1524731,Mona Rajput,Rajput,Mona,actor,1970,0,actor,,
nm0707502,Priya Rajvansh,Rajvansh,Priya,actor,1964,0,actor,,
nm1618284,Arjun Ramsay,Ramsay,Arjun,other,1967,0,other,,
nm1794338,Aryeman (Mayur) Ramsay,Ramsay,Aryeman (Mayur),actor/director/other,1991,0,actor,director,other
nm1598320,Deepak Ramsay,Ramsay,Deepak,other/director,1988,0,other,director,
nm1562798,F. U. Ramsay,Ramsay,F. U.,producer/other,1967,0,producer,other,
nm1516055,Gangu Ramsay,Ramsay,Gangu,other/producer,1972,0,other,producer,
nm0450200,Keshu Ramsay,Ramsay,Keshu,producer/director/other,1980,0,producer,director,other
nm0708899,Kiran Ramsay,Ramsay,Kiran,other/producer/director,1975,0,other,producer,director
nm0708900,Kumar Ramsay,Ramsay,Kumar,other/producer,1967,0,other,producer,
nm8087086,Namrata Ramsay,Ramsay,Namrata,actor/other,2016,0,actor,other,
nm0708913,Shyam Ramsay,Ramsay,Shyam,director/other,1971,0,director,other,
nm0708917,Tulsi Ramsay,Ramsay,Tulsi,director/producer/other,1971,0,director,producer,other
nm0539604,Malika Randhawa,Randhawa,Malika,actor,1955,0,actor,,
nm1532632,Parduman Randhawa,Randhawa,Parduman,actor/other/producer,1962,0,actor,other,producer
nm0709784,Sardara Singh Randhawa,Randhawa,Sardara Singh,actor,1963,0,actor,,
nm2337375,Shaad Randhawa,Randhawa,Shaad,actor,2006,0,actor,,
nm4998669,Akshatha Rao,Rao,Akshatha,actor,1981,0,actor,,
nm1444479,Kiran Rao,Rao,Kiran,producer/other/actor,2001,0,producer,other,actor
nm2390814,Aditi Rao Hydari,Rao Hydari,Aditi,actor/music,2006,0,actor,music,
nm0711745,Mani Ratnam,Ratnam,Mani,director/producer/other,1983,0,director,producer,other
nm0713618,Soni Razdan,Razdan,Soni,actor,1981,0,actor,,
nm0444819,Kirti Reddy,Reddy,Kirti,actor,1996,0,actor,,
nm2583454,Richard Rishi,Rishi,Richard,actor,1990,0,actor,,
nm0004335,Hrithik Roshan,Roshan,Hrithik,actor,1986,0,actor,,
nm0004436,Rajesh Roshan,Roshan,Rajesh,music,1974,0,music,,
nm0004363,Rakesh Roshan,Roshan,Rakesh,director/producer/actor,1970,0,director,producer,actor
nm0004362,Roshan,Roshan,,music,1950,0,music,,
nm0746950,Bimal Roy,Roy,Bimal,director/producer/other,1929,0,director,producer,other 
nm0746987,Debashree Roy,Roy,Debashree,actor/politics,1971,0,actor,politics,
nm2265217,Manasi Joshi Roy,Roy,Manasi Joshi,actor,1997,0,actor,,
nm0747149,Rahul Roy,Roy,Rahul,actor,1990,0,actor,,
nm1069453,Rajlaxmi R. Roy,Roy,Rajlaxmi R.,actor,1997,0,actor,,
nm1123937,Rohit Roy,Roy,Rohit,actor,1994,0,actor,,
nm0747172,Ronit Roy,Roy,Ronit,actor,1992,0,actor,,
nm3169069,Aditya Roy Kapur,Roy Kapur,Aditya,actor,2009,0,actor,,
nm2622986,Kunaal Roy Kapur,Roy Kapur,Kunaal,actor/director,1996,0,actor,director,
nm4870433,Salomi Roy Kapur,Roy Kapur,Salomi,actor/other,1965,0,actor,other,
nm3032965,Siddharth Roy Kapur,Roy Kapur,Siddharth,producer,2007,0,producer,,
nm0004416,Balasubrahmanyam S. P.,S. P.,Balasubrahmanyam,actor/music/producer,1965,0,actor,music,producer
nm0004465,Sailaja S. P.,S. P.,Sailaja,music,1978,0,music,,
nm1335574,Charan S.P.B.,S.P.B.,Charan,music/actor/producer,1997,0,music,actor,producer
nm0755091,Asha Sachdev,Sachdev,Asha,actor,1972,0,actor,,
nm1566649,Ranjana Sachdev,Sachdev,Ranjana,actor/other,1976,0,actor,other,
nm0433392,Jyotika Sadana,Sadana,Jyotika,actor,1998,0,actor,,
nm0756379,Balraj Sahni,Sahni,Balraj,actor/director,1946,0,actor,director,
nm0756380,Bhisham Sahni,Sahni,Bhisham,actor/producer,1984,0,actor,producer,
nm1442631,Damayanti Sahni,Sahni,Damayanti,actor,1946,0,actor,,
nm0756378,Parikshat Sahni,Sahni,Parikshat,actor,1951,0,actor,,
nm7548924,Sayesha Saigal,Saigal,Sayesha,actor,2015,0,actor,,
nm0756489,Sumeet Saigal,Saigal,Sumeet,actor/producer,1987,0,actor,producer,
nm4921260,Dulquer Salmaan,Salmaan,Dulquer,actor/music,2010,0,actor,music,
nm5055052,Aditya Samanta,Samanta,Aditya,actor,2012,0,actor,,
nm1062896,Ashim Samanta,Samanta,Ashim,director/producer,1982,0,director,producer,
nm0759662,Shakti Samanta,Samanta,Shakti,director/producer,1955,0,director,producer,
nf0006357,Kumarsen Samarth,Samarth,Kumarsen,director,1935,0,director,,
nm0006358,Shobhana Samarth,Samarth,Shobhana,actor/director,1935,0,actor,director,
nm0417310,Janaki Sankaramanchi (Sowkar),Sankaramanchi (Sowkar),Janaki,actor,1949,0,actor,,
nm0764314,P. L. Santoshi,Santoshi,P. L.,director,1946,0,director,,
nm0764316,Rajkumar Santoshi,Santoshi,Rajkumar,director/producer,1990,0,director,producer,
nm1927212,D. K. Sapru,Sapru,D. K.,actor,1944,0,actor,,
nm0764667,Priti Sapru,Sapru,Priti,actor,1975,0,actor,,
nm0764669,Tej Sapru,Sapru,Tej,actor/director,1965,0,actor,director,
nm2996210,Kameshwar Sehgal,Sehgal,Kameshwar,other,1946,0,other,,
nm0782247,Zohra Sehgal,Sehgal,Zohra,actor/other,1946,0,actor,other,
nm0031967,Aparna Sen,Sen,Aparna,actor/director/other,1955,0,actor,director,other
nm0784018,Moon Moon Sen,Sen,Moon Moon,actor,1967,0,actor,,
nm0784025,Raima Sen,Sen,Raima,actor,1998,0,actor,,
nm1116258,Riya Sen,Sen,Riya,actor,1991,0,actor,,
nm0784042,Suchitra Sen,Sen,Suchitra,actor,1953,0,actor,,
nm1234298,Konkona Sen Sharma,Sen Sharma,Konkona,actor/director/other,1983,0,actor,director,other
nm1437485,Imaad Shah,Shah,Imaad,actor/music,2010,0,actor,music,
nm1128454,Karan/Sanjay Shah,Shah,Karan/Sanjay,actor/producer/other,1984,0,actor,producer,other
nm0787447,Kashmira Shah,Shah,Kashmira,actor/other/director,1994,0,actor,other,director
nm0787462,Naseeruddin Shah,Shah,Naseeruddin,actor,1967,0,actor,,
nf0332873,Padma Shah,Shah,Padma,relative,1994,0,relative,,
nm3865073,Vivaan Shah,Shah,Vivaan,actor,2011,0,actor,,
nm3201973,Anand Shankar,Shankar,Anand,other/director,2010,0,other,director,
nm0419695,Jayshree Shantaram,Shantaram,Jayshree,actor,1941,0,actor,,
nf0788392,Madhura Shantaram,Shantaram,Madhura,relative,2012,0,relative,,
nm0707471,Rajshree Shantaram,Shantaram,Rajshree,actor/other,1954,0,actor,other,
nm0761890,Sandhya Shantaram,Shantaram,Sandhya,actor,1952,0,actor,,
nm0788391,V Shantaram,Shantaram,V,director/producer/actor,1927,0,director,producer,actor
nm1343477,Sameer Sharma,Sharma,Sameer,other/director,2003,0,other,director,
nm10892211,Ahan Shetty,Shetty,Ahan,actor,2020,0,actor,,
nm7508187,Athiya Shetty,Shetty,Athiya,actor,2015,0,actor,,
nm1267029,Hriday Shetty,Shetty,Hriday,director/other,1992,0,director,other,
nm5047799,Mehek (Mahek) Shetty,Shetty,Mehek (Mahek),other,2012,0,other,,
nm0792901,Muddu B. Shetty,Shetty,Muddu B.,other/actor,1956,0,other,actor,
nm1025258,Navin Shetty,Shetty,Navin,other,1999,0,other,,
nm2142231,Ratna Shetty,Shetty,Ratna,actor,1969,0,actor,,
nm1460159,Rohit Shetty,Shetty,Rohit,actor/director/other,1994,0,actor,director,other
nm0792906,Shamita Shetty,Shetty,Shamita,actor,2000,0,actor,,
nm0792908,Shilpa Shetty,Shetty,Shilpa,actor/producer,1993,0,actor,producer,
nm0792911,Sunil Shetty,Shetty,Sunil,actor,1992,0,actor,,
nm6754036,Uday Shetty,Shetty,Uday,producer,2012,0,producer,,
nm0794484,Hari Shivdasani,Shivdasani,Hari,actor,1935,0,actor,,
nf0794484,Hari's brother Shivdasani,Shivdasani,Hari's brother,relative,1958,0,relative,,
nm0623321,Sadhana Shivdasani,Shivdasani,Sadhana,actor,1958,0,actor,,
nm3583633,K. D. Shorey,Shorey,K. D.,producer/other,1975,0,producer,other,
nm5506476,Lokesh Shorey,Shorey,Lokesh,actor,1998,0,actor,,
nm1249116,Ranvir Shorey,Shorey,Ranvir,actor/music,1999,0,actor,music,
nm0795411,Adesh Shrivastava,Shrivastava,Adesh,music,1990,0,music,,
nm1228897,Ayesha Shroff,Shroff,Ayesha,producer/actor,1984,0,producer,actor,
nm0006763,Jackie Shroff,Shroff,Jackie,actor,1973,0,actor,,
nm5899377,Tiger Shroff,Shroff,Tiger,actor,2014,0,actor,,
nm0795652,K. K. Shukla,Shukla,K. K.,other,1973,0,other,,
nm6021891,Ritu Shukla,Shukla,Ritu,producer,2013,0,producer,,
nm1399188,Sutapa Sikdar,Sikdar,Sutapa,other/producer/music,2016,0,other,producer,music
nm3083916,Aarti Singh,Singh,Aarti,actor,2007,0,actor,,
nm0802080,Amrita Singh,Singh,Amrita,actor,1983,0,actor,,
nm0802107,Dara Singh,Singh,Dara,actor,1952,0,actor,,
nf0307230,Darshi Singh,Singh,Darshi,relative,1962,0,relative,,
nf3828984,Jagjit Singh,Singh,Jagjit,relative,1985,0,relative,,
nm1942776,Kanwaljit Singh,Singh,Kanwaljit,actor,1964,0,actor,,
nm3190972,Manjot Singh,Singh,Manjot,actor,2008,0,actor,,
nf0159148,Mohinder Singh,Singh,Mohinder,relative,1970,0,relative,,
nm0802182,Neelam Singh,Singh,Neelam,actor,1999,0,actor,,
nm10812774,Paramjot Singh,Singh,Paramjot,actor,2008,0,actor,,
nm3828984,Ranveer Singh,Singh,Ranveer,actor,2010,0,actor,,
nm3464311,Sehebjot Singh,Singh,Sehebjot,actor,2008,0,actor,,
nm2738083,Vindu Dara Singh,Singh,Vindu Dara,actor,1970,0,actor,,
nm3093254,Luv Sinha,Sinha,Luv,actor,2010,0,actor,,
nm0464521,Poonam(Komal) Sinha,Sinha,Poonam(Komal),actor/producer/director,1969,0,actor,producer,director
nm0802374,Shatrughan Sinha,Sinha,Shatrughan,actor/music,1967,0,actor,music,
nm3848064,Sonakshi Sinha,Sinha,Sonakshi,actor/other/music,2010,0,actor,other,music
nm2182334,Ajit Sippy,Sippy,Ajit,other,1960,0,other,,
nm0802688,G. P. Sippy,Sippy,G. P.,producer/director,1951,0,producer,director,
nf0802688,Mohini Sippy,Sippy,Mohini,relative,1957,0,relative,,
nm0802693,Ramesh Sippy,Sippy,Ramesh,director/producer,1968,0,director,producer,
nm1391682,Rohan Sippy,Sippy,Rohan,producer/director,1995,0,producer,director,
nm6327494,Sascha Sippy,Sippy,Sascha,producer,2014,0,producer,,
nm1762903,Sheena Sippy,Sippy,Sheena,other,2005,0,other,,
nm1242277,Sunhil Sippy,Sippy,Sunhil,director/producer/other,2000,0,director,producer,other 
nf0802689,Sunita Sippy,Sippy,Sunita,relative,1968,0,relative,,
nm1207634,Suresh Sippy,Sippy,Suresh,producer,1980,0,producer,,
nm0802695,Vijay Sippy,Sippy,Vijay,other/producer,1975,0,other,producer,
nf0080329,Shirin Ali's Sister,Sister,Shirin Ali's,relative,1949,0,relative,,
nm1912683,Karthi Sivakumar,Sivakumar,Karthi,actor,2004,0,actor,,
nm1421814,Suriya Sivakumar,Sivakumar,Suriya,actor/producer/music,1998,0,actor,producer,music
nm1267095,Samir Soni,Soni,Samir,actor,1995,0,actor,,
nm1394997,Nalini Sriram,Sriram,Nalini,other,1992,0,other,,
nm0004471,Sudhakar Subhalekha,Subhalekha,Sudhakar,actor,1989,0,actor,,
nm0631416,Nigar Sultana,Sultana,Nigar,actor,1946,0,actor,,
nm7146337,Keerthi Suresh,Suresh,Keerthi,actor/music,2000,0,actor,music,
nm1865311,Ambika Suri,Suri,Ambika,director,2005,0,director,,
nm1887138,Mohit Suri,Suri,Mohit,director,2005,0,director,,
nm0839634,Sanjay Suri,Suri,Sanjay,actor/producer,1999,0,actor,producer,
nm2124966,Smiley Suri,Suri,Smiley,actor,2005,0,actor,,
nm3118931,Naga Susheela A.,Susheela A.,Naga,producer/other,2008,0,,,
nm0052455,Lata Swaran,Swaran,Lata,actor/producer/music,1942,0,actor,producer,music
nm0474928,Krishnakumar T,T,Krishnakumar,actor,1951,0,actor,,
nm0846616,Sharmila Tagore,Tagore,Sharmila,actor,1959,0,actor,,
nm1033012,Jayshree Talpade,Talpade,Jayshree,actor/other,1959,0,actor,other,
nm1662277,Shreyas Talpade,Talpade,Shreyas,actor/producer/music,1988,0,actor,producer,music
nm2525334,Dev Tandon,Tandon,Dev,other,1968,0,other,,
nm0849195,Lekh Tandon,Tandon,Lekh,director/actor/other,1962,0,director,actor,other
nm5429831,Rajiv Tandon,Tandon,Rajiv,producer,2003,0,producer,,
nm0849199,Raveena Tandon,Tandon,Raveena,actor/producer,1991,0,actor,producer,
nm0849200,Ravi Tandon,Tandon,Ravi,director/producer/actor,1971,0,director,producer,actor
nm3779174,Veena Tandon,Tandon,Veena,other,1993,0,other,,
nm0045136,Sarika Thakur,Thakur,Sarika,actor/other,1967,0,actor,other,
nm2838280,Valmik Thapar,Thapar,Valmik,producer,1997,1,producer,,
nm8546523,Chowdiah Tirumakudalu,Tirumakudalu,Chowdiah,actor/music,1943,0,actor,music,
nm6327493,Shaan Uttamsingh,Uttamsingh,Shaan,other,2006,0,other,,
nm3098212,Gopalakrishnan V,V,Gopalakrishnan,actor,1947,0,actor,,
nm0894340,Deven Verma,Verma,Deven,actor,1961,0,actor,,
nm1324565,Pony Verma,Verma,Pony,other,2000,0,other,,
nm4858207,Tanuj Virwani,Virwani,Tanuj,actor,2012,0,actor,,
nm8845899,Bharathi Vishnuvardhan,Vishnuvardhan,Bharathi,actor,1966,0,actor,,
nm0906226,Zarina Wahab,Wahab,Zarina,actor,1974,0,actor,,
nm0451174,Arshad Warsi,Warsi,Arshad,actor/other,1989,0,actor,other,
nm1267440,Swati Xavier,Xavier,Swati,other,1999,0,other,,
nm0944406,Thomas Xavier,Xavier,Thomas,other,1986,0,other,,
nm1368731,Sumant Yarlagadda,Yarlagadda,Sumant,actor/producer,1999,0,actor,producer,
nm0839513,Supriya Yarlagadda,Yarlagadda,Supriya,actor/producer,1996,0,actor,producer,
nm0958861,Raj Zutshi,Zutshi,Raj,actor/other,1985,0,actor,other,
nm0012892,Agathiyan,,Agathiyan,other/director/producer,1991,0,other,director,producer
nm0024259,Ambarish,,Ambarish,actor,1972,0,actor,,
nm0033175,Arathi,,Arathi,actor/producer,1970,0,actor,producer,
nm1333687,Dhanush,,Dhanush,actor/director/producer/music,2002,0,actor,director,producer
nm5575042,Dileepan,,Dileepan,actor,2013,0,actor,,
nm0788395,Disco Shanti,,Disco Shanti,actor,1985,0,actor,,
nm6565190,Gayatri,,Gayatri,actor,1976,0,actor,,
nm0311677,Geetha,,Geetha,actor,1979,0,actor,,
nm0415274,Jaddanbai,,Jaddanbai,director/actor,1935,0,director,actor,
nm0419682,Jayanthi,,Jayanthi,actor,1961,0,actor,,
nm2975840,Lalitha Kumari,,Lalitha Kumari,actor,1987,0,actor,,
nm0534866,Madhoo,,Madhoo,actor,1976,0,actor,,
nm0534870,Madhubala,,Madhubala,actor,1939,0,actor,,
nm1139300,Major Soundarrajan,,Major Soundarrajan,actor/director/other,1964,0,actor,director,other
nm0619309,Nagesh,,Nagesh,actor/other,1958,0,actor,other,
nm1524367,Nandana,,Nandana,actor,2002,0,actor,,
nf0534865,Raghunath,,Raghunath,relative,1965,0,relative,,
nm0707425,Rajanikanth,,Rajanikanth,actor/other/producer,1975,0,actor,other,producer
nm0004660,Rajkumar,,Rajkumar,actor/music,1954,0,actor,music,
nm9274951,Raman,,Raman,actor,1981,0,actor,,
nm0765248,Saritha,,Saritha,actor/director,1978,0,actor,director,
nm0045138,Shamili,,Shamili,actor,1989,0,actor,,
nm1107894,Sivakumar,,Sivakumar,actor/other,1965,0,actor,other,
nm0838517,Sumalatha,,Sumalatha,actor,1979,0,actor,,
nm3595665,Thiru,,Thiru,director/other,2010,0,director,other,
nm5548399,Udhaya,,Udhaya,actor,1998,0,actor,,
nm0883305,Vaishnavi,,Vaishnavi,actor,1988,0,actor,,
nm0889542,Vishnuvardhan,,Vishnuvardhan,actor,1971,0,actor,,
nm8845899,Bharati Vishnuvardhan,Vishnuvardhan,Bharati,actor,1961,0,actor,,
nm0417310,Janaki Sankaramanchi(Sowkar),Sankaramanchi(Sowkar),Janaki,actor,1961,0,,,
nf0417310,Yagna Prabha,Prabha,Yagna,relative,1961,0,,,
nm0024259,Ambarish,Ambarish,,actor,1983,0,,,
nm0838517,Sumalatha Ambarish,Ambarish,Sumalatha,actor,1987,0,,,
nm10411840,Abhishek Ambareesh,Ambareesh,Abhishek,actor,2019,0,,,
nf0012892,Karthika Agathiyan,Agathiyan,Karthika,other,2010,0,,,
nm0012892,Agathiyan,Agathiyan,,director/other,1991,0,,,